frame_start,frame_end,status 
1, !FRAME_END!, pending1 
11, !FRAME_END!, pending2 
21, !FRAME_END!, pending3 
31, !FRAME_END!, pending4 
41, !FRAME_END!, pending5 
51, !FRAME_END!, pending6 
61, !FRAME_END!, pending 
71, !FRAME_END!, pending 
81, !FRAME_END!, pending 
91, !FRAME_END!, pending 
101, !FRAME_END!, pending 
111, !FRAME_END!, pending 
121, !FRAME_END!, pending 
131, !FRAME_END!, pending 
141, !FRAME_END!, pending 
151, !FRAME_END!, pending 
161, !FRAME_END!, pending 
171, !FRAME_END!, pending 
181, !FRAME_END!, pending 
191, !FRAME_END!, pending 
