File Name,Last Modified Date
01_magnifiquesaigon_14344_autosave.blend,2024-01-19 11:10:20
01_magnifiquesaigon_15164_autosave.blend,2024-01-18 23:51:29
01_magnifiquesaigon_19684_autosave.blend,2024-01-19 12:41:56
01_magnifiquesaigon_21332_autosave.blend,2024-01-19 11:37:52
03_packshotn8_liqueur_de_meo_19684_autosave.blend,2024-01-19 17:32:16
03_packshotn8_liqueur_de_meo_23088_autosave.blend,2024-01-19 18:44:56
10_21232_autosave.blend,2024-01-17 13:47:09
10_thung6_21232_autosave.blend,2024-01-17 16:12:54
11_21232_autosave.blend,2024-01-17 14:07:11
13hanoimonolie_21656_autosave.blend,2024-01-19 16:15:31
13hanoimonolie_23452_autosave.blend,2024-01-19 20:25:20
1828_autosave.blend,2024-01-08 20:04:21
19064_autosave.blend,2024-01-11 15:52:55
1shot_03_2836_autosave.blend,2024-01-09 12:05:08
1shot_12448_autosave.blend,2024-01-23 14:39:57
1shot_19812_autosave.blend,2024-01-23 18:12:21
1_16312_autosave.blend,2024-01-17 09:44:26
1_16808_autosave.blend,2024-01-20 12:27:45
1_19040_autosave.blend,2024-01-17 10:09:05
1_20456_autosave.blend,2024-01-13 19:26:23
1_21232_autosave.blend,2024-01-17 10:39:06
1_cover_11460_autosave.blend,2024-01-14 14:53:25
1_cover_20456_autosave.blend,2024-01-13 20:16:55
1_cover_trans_14756_autosave.blend,2024-01-14 15:18:12
20948_autosave.blend,2024-01-10 19:49:17
21148_autosave.blend,2024-02-01 16:18:43
21Black Concept Cosmetic_19888_autosave.blend,2024-01-18 16:59:07
21Black Concept Cosmetic__1656_autosave.blend,2024-01-18 22:44:32
21Black Concept Cosmetic__19888_autosave.blend,2024-01-18 20:21:03
21Black Concept Cosmetic__7328_autosave.blend,2024-01-18 22:02:05
22_whiterose_19888_autosave.blend,2024-01-18 12:19:54
2_10564_autosave.blend,2024-01-13 21:54:17
2_16808_autosave.blend,2024-01-20 15:18:29
2_17216_autosave.blend,2024-01-30 16:50:42
2_20456_autosave.blend,2024-01-13 19:42:58
2_24792_autosave.blend,2024-01-26 16:19:14
2_2552_autosave.blend,2024-01-30 18:11:50
2_9828_autosave.blend,2024-01-13 20:38:36
2_ml_16808_autosave.blend,2024-01-20 16:28:01
2_ml_2552_autosave.blend,2024-01-30 18:50:44
2_ml_5768_autosave.blend,2024-01-20 23:05:25
3_16808_autosave.blend,2024-01-20 16:08:51
3_2552_autosave.blend,2024-01-30 18:57:17
3_3336_autosave.blend,2024-01-30 14:52:24
3_5768_autosave.blend,2024-01-20 20:57:04
3_8468_autosave.blend,2024-01-30 14:46:39
4_12000_autosave.blend,2024-01-31 23:25:44
4_16808_autosave.blend,2024-01-20 16:41:50
4_25920_autosave.blend,2024-01-26 15:33:38
4_5768_autosave.blend,2024-01-20 20:49:09
4_ml_fixcolor_24792_autosave.blend,2024-01-26 16:27:12
4_ml_fixcolor_2552_autosave.blend,2024-01-30 18:30:08
4_ml_fixcolor_2836_autosave.blend,2024-01-30 15:43:25
5_16808_autosave.blend,2024-01-20 15:48:50
5_20456_autosave.blend,2024-01-13 21:04:55
5_24792_autosave.blend,2024-01-26 16:34:28
5_2552_autosave.blend,2024-01-30 19:08:44
5_9828_autosave.blend,2024-01-13 20:44:51
6_16808_autosave.blend,2024-01-20 15:08:26
6_21232_autosave.blend,2024-01-17 16:39:13
6_24792_autosave.blend,2024-01-26 16:11:52
6_25696_autosave.blend,2024-01-17 20:32:12
6_2thung_21232_autosave.blend,2024-01-17 14:54:22
6_ml_fix2601_2836_autosave.blend,2024-01-30 16:03:10
6_thung6_19888_autosave.blend,2024-01-18 08:52:16
6_thung6_25696_autosave.blend,2024-01-17 20:47:01
7604_autosave.blend,2024-01-05 16:45:12
7_16808_autosave.blend,2024-01-20 17:00:32
7_21232_autosave.blend,2024-01-17 12:25:38
7_2552_autosave.blend,2024-01-30 19:21:34
7_2thung_21232_autosave.blend,2024-01-17 16:32:40
7_2_16808_autosave.blend,2024-01-20 17:05:32
7_2_2552_autosave.blend,2024-01-30 19:32:35
7_3_16808_autosave.blend,2024-01-20 17:15:35
7_3_2552_autosave.blend,2024-01-30 19:39:07
7_4_16808_autosave.blend,2024-01-20 17:20:43
7_4_2552_autosave.blend,2024-01-30 20:08:56
7_5_16808_autosave.blend,2024-01-20 17:30:51
7_5_2552_autosave.blend,2024-01-30 20:33:50
8_21232_autosave.blend,2024-01-17 17:00:28
8_8440_autosave.blend,2024-01-17 17:32:11
9_21232_autosave.blend,2024-01-17 16:54:11
9_25696_autosave.blend,2024-01-17 20:25:44
9_thung6_21232_autosave.blend,2024-01-17 15:35:57
boket_18768_autosave.blend,2024-01-05 18:21:24
boket_24208_autosave.blend,2024-01-05 21:03:36
boket_7496_autosave.blend,2024-01-05 19:50:45
boket_danglam_khongopen1_17552_autosave.blend,2024-01-05 16:59:29
boket_danglam_khongopen2_17552_autosave.blend,2024-01-05 17:19:29
boket_danglam_khongopen2_18768_autosave.blend,2024-01-05 18:11:24
boket_danglam_khongopen_17552_autosave.blend,2024-01-05 16:54:25
Box_13912_autosave.blend,2024-01-13 17:24:07
Box_20456_autosave.blend,2024-01-13 18:58:34
c4d light_pink2_4040_autosave.blend,2024-01-22 15:46:08
Cam1_pathenon_20708_autosave.blend,2024-01-22 16:41:43
chailisterin_12528_autosave.blend,2024-01-08 23:10:41
chaumai_tet_13548_autosave.blend,2024-01-08 15:51:47
chaumai_tet_1864_autosave.blend,2024-01-03 16:24:16
chaumai_tet_8860_autosave.blend,2024-01-12 20:26:40
copybuffer.blend,2024-01-19 15:24:56
copybuffer_pose.blend,2024-02-17 14:22:36
cuclama_21636_autosave.blend,2024-01-05 13:19:44
cunghe_9124_autosave.blend,2024-01-04 18:12:22
cu_nghe_2_24000_autosave.blend,2024-01-04 21:50:32
cu_nghe_2_26608_autosave.blend,2024-01-04 23:11:55
cu_nghe_2_2936_autosave.blend,2024-01-05 11:34:50
do_an_10136_autosave.blend,2024-01-16 12:30:09
do_an_14128_autosave.blend,2024-01-16 14:43:52
do_an_18988_autosave.blend,2024-01-11 16:23:25
do_an_21016_autosave.blend,2024-01-09 22:30:02
do_an_22164_autosave.blend,2024-01-16 14:34:04
do_an_23232_autosave.blend,2024-01-16 14:54:51
do_an_24044_autosave.blend,2024-01-11 15:52:12
do_an_27944_autosave.blend,2024-01-12 00:18:29
do_an_5476_autosave.blend,2024-01-08 20:48:33
do_an_5604_autosave.blend,2024-01-10 18:06:05
do_an_8860_autosave.blend,2024-01-12 15:41:45
do_an_9548_autosave.blend,2024-01-10 12:09:21
dragon_19452_autosave.blend,2024-01-29 14:24:34
flowerframe_11116_autosave.blend,2024-01-03 16:17:10
flowerframe_19936_autosave.blend,2024-01-03 15:59:19
hanglien_14156_autosave.blend,2024-01-04 15:06:53
Hoacucdautam_20104_autosave.blend,2024-01-06 19:47:34
JMEY_3.5_4040_autosave.blend,2024-01-22 15:31:29
Khanuoi_baosai_13912_autosave.blend,2024-01-13 17:29:14
Khanuotmini_13912_autosave.blend,2024-01-13 16:07:07
l2shot+_figh_14932_autosave.blend,2024-01-02 19:13:32
l2shot+_figh_15016_autosave.blend,2024-01-02 19:54:46
l2shot+_figh_18960_autosave.blend,2024-01-02 17:42:48
l2shot+_figh_22592_autosave.blend,2024-01-02 18:11:16
l2shot+_figh_3512_autosave.blend,2024-01-02 17:16:34
ladau_2936_autosave.blend,2024-01-05 12:01:46
lantern_red_chinese_lamp_2K_b8a567fb-61d0-4e13-a99d-e5fe39ee45c4_18988_autosave.blend,2024-01-11 17:49:20
layoout1_21232_autosave.blend,2024-01-17 16:47:09
layout1ngang18x12_cb5tim_19976_autosave.blend,2024-01-13 12:13:43
layout1ngang1950x1450_mobile_slider_4124_autosave.blend,2024-01-16 12:04:07
layout1ngang3024x1000_web_slider_14072_autosave.blend,2024-01-22 14:19:58
layout1ngang3024x1000_web_slider_22968_autosave.blend,2024-01-15 10:52:17
layout1ngang3024x1000_web_slider_4124_autosave.blend,2024-01-16 10:31:47
layout1ngang3024x1000_web_slider_4456_autosave.blend,2024-01-15 16:43:11
layout1ngang3024x1000_web_slider_4608_autosave.blend,2024-01-24 16:16:15
layout1ngang3024x1000_web_slider_5732_autosave.blend,2024-01-15 23:35:59
layout1ngang3024x1000_web_slider_7428_autosave.blend,2024-01-15 14:32:29
layout1ngang3024x1000_web_slider_9668_autosave.blend,2024-01-30 15:15:51
layout1ngang3024x1000_web_slider_9712_autosave.blend,2024-01-30 13:15:52
layout1vuong_13548_autosave.blend,2024-01-08 16:27:23
layout1vuong_18988_autosave.blend,2024-01-11 17:34:29
layout1vuong_27944_autosave.blend,2024-01-11 19:36:04
layout1vuong_4tim_27944_autosave.blend,2024-01-12 00:26:49
layout1vuong_4tim_29668_autosave.blend,2024-01-12 00:51:25
layout1vuong_4tim_8860_autosave.blend,2024-01-12 16:51:30
layout1vuong_4trang_8860_autosave.blend,2024-01-12 17:11:43
layout1vuong_4trang_goc2_8860_autosave.blend,2024-01-12 18:26:21
layout1vuong_4trang_goc3_8860_autosave.blend,2024-01-12 20:47:41
layout1vuong_5604_autosave.blend,2024-01-10 17:30:16
layout1vuong_cb5tim_goc1_1060_autosave.blend,2024-02-02 13:40:36
layout1vuong_cb5tim_goc1_21528_autosave.blend,2024-02-02 00:03:48
layout1vuong_cb5tim_goc1_21804_autosave.blend,2024-02-01 18:12:39
layout1vuong_cb5tim_goc2_19976_autosave.blend,2024-01-13 09:12:12
layout1vuong_cb5tim_goc2_8860_autosave.blend,2024-01-13 00:15:31
layout1vuong_cb5tim_goc2_tora_19976_autosave.blend,2024-01-13 09:36:16
layout1vuong_cb5tim_goc2_tora_lowangle_19976_autosave.blend,2024-01-13 10:39:01
layout1vuong_cb5trang_goc1_8860_autosave.blend,2024-01-12 21:24:16
layout2_19104_autosave.blend,2024-01-02 18:12:07
layout2_20488_autosave.blend,2024-01-02 12:39:24
layout2_3356_autosave.blend,2024-01-02 11:51:39
layoutngang2_5tim.blend1_21148_autosave.blend,2024-02-01 16:30:44
layoutngang2_5trang.blend1_23828_autosave.blend,2024-02-01 16:56:40
layoutngang_4tim.blend1_21804_autosave.blend,2024-02-01 17:19:10
Layout_macha_22052_autosave.blend,2024-01-22 16:15:37
layout_mobile1_4608_autosave.blend,2024-01-24 14:16:20
layout_mobile2_10388_autosave.blend,2024-01-24 16:13:02
layout_mobile2_4608_autosave.blend,2024-01-24 15:27:58
layout_mobile2_9712_autosave.blend,2024-01-30 11:13:16
layout_mobile_12448_autosave.blend,2024-01-23 13:08:56
layout_mobile_14072_autosave.blend,2024-01-22 14:42:49
layout_mobile_24164_autosave.blend,2024-01-24 00:39:54
layout_mobile_4608_autosave.blend,2024-01-24 10:19:19
nhansam_16132_autosave.blend,2024-01-04 15:25:30
nhansam_2_16132_autosave.blend,2024-01-04 15:31:44
PHUCLOCTHO_13480_autosave.blend,2024-01-17 22:20:47
PHUCLOCTHO_28552_autosave.blend,2024-01-17 21:51:28
procedural_bamboo_forest_28376_autosave.blend,2024-01-12 00:16:34
qua_buoi1_8980_autosave.blend,2024-01-06 13:43:56
qua_buoi_19412_autosave.blend,2024-01-06 00:16:49
quit.blend,2024-02-21 09:33:12
rauma_16512_autosave.blend,2024-01-04 12:27:50
sensave_01_magnifiquesaigon.blend,2024-01-19 12:36:51
sensave_01_magnifiquesaigon.blend1,2024-01-19 12:05:57
sensave_01_magnifiquesaigon.blend2,2024-01-19 12:00:57
sensave_03_packshotn8_liqueur_de_meo.blend,2024-01-19 18:44:01
sensave_03_packshotn8_liqueur_de_meo.blend1,2024-01-19 18:39:00
sensave_03_packshotn8_liqueur_de_meo.blend2,2024-01-19 18:34:00
sensave_1.blend,2024-01-20 12:27:17
sensave_1.blend1,2024-01-20 09:39:40
sensave_1.blend2,2024-01-17 10:32:38
sensave_10.blend,2024-01-17 13:41:20
sensave_10.blend1,2024-01-17 13:36:20
sensave_10_thung6.blend,2024-01-17 16:15:36
sensave_10_thung6.blend1,2024-01-17 16:10:36
sensave_10_thung6.blend2,2024-01-17 15:45:09
sensave_11.blend,2024-01-17 14:08:23
sensave_11.blend1,2024-01-17 14:00:12
sensave_11.blend2,2024-01-17 13:55:12
sensave_13hanoimonolie.blend,2024-01-19 20:26:01
sensave_13hanoimonolie.blend1,2024-01-19 20:21:01
sensave_13hanoimonolie.blend2,2024-01-19 20:16:00
sensave_1shot.blend,2024-01-23 15:39:24
sensave_1shot.blend1,2024-01-23 15:14:23
sensave_1shot.blend2,2024-01-23 15:09:23
sensave_1shot_03.blend,2024-01-09 11:40:41
sensave_1shot_03.blend1,2024-01-09 11:35:39
sensave_1shot_03.blend2,2024-01-09 11:30:39
sensave_1_cover.blend,2024-01-14 14:54:25
sensave_1_cover.blend1,2024-01-13 20:14:55
sensave_1_cover.blend2,2024-01-13 20:06:33
sensave_1_cover_trans.blend,2024-01-14 15:18:44
sensave_2.blend,2024-01-31 23:03:41
sensave_2.blend1,2024-01-30 18:11:36
sensave_2.blend2,2024-01-30 16:44:20
sensave_21Black Concept Cosmetic.blend,2024-01-18 16:59:47
sensave_21Black Concept Cosmetic.blend1,2024-01-18 16:54:47
sensave_21Black Concept Cosmetic.blend2,2024-01-18 16:49:47
sensave_21Black Concept Cosmetic_.blend,2024-01-18 22:47:52
sensave_21Black Concept Cosmetic_.blend1,2024-01-18 22:42:52
sensave_21Black Concept Cosmetic_.blend2,2024-01-18 22:37:52
sensave_22_whiterose.blend,2024-01-18 11:54:30
sensave_22_whiterose.blend1,2024-01-18 11:34:30
sensave_22_whiterose.blend2,2024-01-18 11:09:30
sensave_2_ml.blend,2024-01-30 18:52:07
sensave_2_ml.blend1,2024-01-30 18:37:02
sensave_2_ml.blend2,2024-01-26 16:42:27
sensave_3.blend,2024-01-31 22:58:30
sensave_3.blend1,2024-01-30 18:57:07
sensave_3.blend2,2024-01-30 14:52:06
sensave_4.blend,2024-01-31 23:28:42
sensave_4.blend1,2024-01-31 23:18:41
sensave_4.blend2,2024-01-31 23:13:41
sensave_4_ml_fixcolor.blend,2024-01-30 18:30:08
sensave_4_ml_fixcolor.blend1,2024-01-30 15:43:25
sensave_4_ml_fixcolor.blend2,2024-01-30 15:29:03
sensave_5.blend,2024-01-26 16:33:02
sensave_5.blend1,2024-01-20 15:38:11
sensave_5.blend2,2024-01-20 15:33:11
sensave_6.blend,2024-01-26 16:10:42
sensave_6.blend1,2024-01-20 14:52:42
sensave_6.blend2,2024-01-17 20:31:20
sensave_6_2thung.blend,2024-01-17 14:34:55
sensave_6_2thung.blend1,2024-01-17 14:16:14
sensave_6_ml_fix2601.blend,2024-01-30 15:59:16
sensave_6_thung6.blend,2024-01-18 08:38:39
sensave_7.blend,2024-01-20 16:56:50
sensave_7.blend1,2024-01-20 16:51:50
sensave_7.blend2,2024-01-20 16:46:50
sensave_7_2.blend,2024-01-30 19:32:27
sensave_7_2.blend1,2024-01-30 19:27:27
sensave_7_2.blend2,2024-01-20 17:09:10
sensave_7_2thung.blend,2024-01-17 15:28:50
sensave_7_3.blend,2024-01-30 19:39:00
sensave_7_3.blend1,2024-01-20 17:14:59
sensave_7_4.blend,2024-01-30 19:57:58
sensave_7_4.blend1,2024-01-30 19:47:58
sensave_7_4.blend2,2024-01-20 17:23:31
sensave_7_5.blend,2024-01-30 20:30:46
sensave_7_5.blend1,2024-01-30 20:20:46
sensave_7_5.blend2,2024-01-30 20:15:46
sensave_8.blend,2024-01-17 17:34:34
sensave_8.blend1,2024-01-17 17:29:34
sensave_8.blend2,2024-01-17 17:24:34
sensave_9.blend,2024-01-17 20:22:25
sensave_9.blend1,2024-01-17 20:17:25
sensave_9.blend2,2024-01-17 16:54:25
sensave_aloe_product_commercial_dce0768e-4814-4bf6-8ed6-3ce7f6a9d970.blend,2024-01-18 09:04:52
sensave_Bamboo_palm.blend,2024-01-04 21:45:18
sensave_boket.blend,2024-01-05 20:58:17
sensave_boket.blend1,2024-01-05 20:53:16
sensave_boket.blend2,2024-01-05 20:48:16
sensave_boket_danglam_khongopen.blend,2024-01-05 16:54:26
sensave_boket_danglam_khongopen2.blend,2024-01-05 18:10:41
sensave_boket_danglam_khongopen2.blend1,2024-01-05 18:05:41
sensave_boket_danglam_khongopen2.blend2,2024-01-05 18:00:40
sensave_Box.blend,2024-01-13 18:59:23
sensave_Box.blend1,2024-01-13 18:54:23
sensave_Box.blend2,2024-01-13 17:19:02
sensave_c4d light_pink2.blend,2024-01-22 15:45:43
sensave_Cam1.blend,2024-01-22 16:24:01
sensave_Cam1.blend1,2024-01-04 17:11:56
sensave_camthao.blend,2024-01-27 11:58:15
sensave_chaumai_tet.blend,2024-01-12 20:25:34
sensave_chaumai_tet.blend1,2024-01-12 09:20:33
sensave_chaumai_tet.blend2,2024-01-12 09:15:33
sensave_coverface.blend,2024-01-15 16:07:35
sensave_cuclama.blend,2024-01-05 13:19:47
sensave_cuclama.blend1,2024-01-05 13:14:46
sensave_cuclama.blend2,2024-01-05 13:09:46
sensave_cunghe.blend,2024-01-04 17:49:24
sensave_cunghe.blend1,2024-01-04 17:44:24
sensave_cunghe.blend2,2024-01-04 17:19:24
sensave_cu_nghe_2.blend,2024-01-05 11:23:04
sensave_cu_nghe_2.blend1,2024-01-05 11:18:04
sensave_cu_nghe_2.blend2,2024-01-05 11:13:04
sensave_do_an.blend,2024-01-16 14:49:26
sensave_do_an.blend1,2024-01-16 14:42:19
sensave_do_an.blend2,2024-01-16 14:33:29
sensave_dummy.blend,2024-01-17 20:49:49
sensave_flowerframe.blend,2024-01-03 16:16:47
sensave_flowerframe.blend1,2024-01-03 13:55:06
sensave_flowerframe.blend2,2024-01-03 13:50:05
sensave_GumitaquanM.blend,2024-01-26 15:41:23
sensave_JMEY_3.5.blend,2024-01-22 15:28:10
sensave_Khanuoi_baosai.blend,2024-01-13 17:28:49
sensave_Khanuoi_baosai.blend1,2024-01-13 17:05:15
sensave_Khanuoi_baosai.blend2,2024-01-13 17:00:15
sensave_Khanuotmini.blend,2024-01-13 16:06:57
sensave_Khanuotmini.blend1,2024-01-13 15:56:57
sensave_Khanuotmini.blend2,2024-01-13 12:48:05
sensave_l2shot+_figh.blend,2024-01-02 19:24:30
sensave_l2shot+_figh.blend1,2024-01-02 18:34:32
sensave_l2shot+_figh.blend2,2024-01-02 18:06:16
sensave_lantern_red_chinese_lamp_2K_b8a567fb-61d0-4e13-a99d-e5fe39ee45c4.blend,2024-01-11 17:44:07
sensave_layoout1.blend,2024-01-17 16:44:24
sensave_Layout.blend,2024-01-22 16:04:13
sensave_layout1ngang18x12_cb5tim.blend,2024-01-13 11:37:46
sensave_layout1ngang18x12_cb5tim.blend1,2024-01-13 10:52:23
sensave_layout1ngang18x12_cb5tim.blend2,2024-01-13 10:47:22
sensave_layout1ngang1950x1450_mobile_slider.blend,2024-01-16 11:27:36
sensave_layout1ngang1950x1450_mobile_slider.blend1,2024-01-16 11:02:48
sensave_layout1ngang1950x1450_mobile_slider.blend2,2024-01-16 10:57:47
sensave_layout1ngang3024x1000_web_slider.blend,2024-01-30 15:16:16
sensave_layout1ngang3024x1000_web_slider.blend1,2024-01-30 13:10:06
sensave_layout1ngang3024x1000_web_slider.blend2,2024-01-30 11:25:05
sensave_layout1vuong.blend,2024-01-11 18:37:42
sensave_layout1vuong.blend1,2024-01-11 18:10:03
sensave_layout1vuong.blend2,2024-01-11 17:29:26
sensave_layout1vuong_4tim.blend,2024-01-12 16:52:23
sensave_layout1vuong_4tim.blend1,2024-01-12 16:19:41
sensave_layout1vuong_4tim.blend2,2024-01-12 16:14:40
sensave_layout1vuong_4trang.blend,2024-01-12 17:00:36
sensave_layout1vuong_4trang_goc2.blend,2024-01-12 18:29:18
sensave_layout1vuong_4trang_goc2.blend1,2024-01-12 18:07:20
sensave_layout1vuong_4trang_goc2.blend2,2024-01-12 17:44:12
sensave_layout1vuong_4trang_goc3.blend,2024-01-12 20:45:22
sensave_layout1vuong_4trang_goc3.blend1,2024-01-12 20:16:27
sensave_layout1vuong_4trang_goc3.blend2,2024-01-12 19:49:41
sensave_layout1vuong_cb5tim_goc1.blend,2024-02-02 13:39:11
sensave_layout1vuong_cb5tim_goc1.blend1,2024-02-02 13:34:11
sensave_layout1vuong_cb5tim_goc1.blend2,2024-02-02 10:12:13
sensave_layout1vuong_cb5tim_goc2.blend,2024-01-13 09:13:25
sensave_layout1vuong_cb5tim_goc2.blend1,2024-01-13 09:08:25
sensave_layout1vuong_cb5tim_goc2.blend2,2024-01-13 00:03:16
sensave_layout1vuong_cb5tim_goc2_tora_lowangle.blend,2024-01-13 09:56:39
sensave_layout1vuong_cb5trang_goc1.blend,2024-01-12 22:05:59
sensave_layout1vuong_cb5trang_goc1.blend1,2024-01-12 21:39:26
sensave_layout1vuong_cb5trang_goc1.blend2,2024-01-12 21:34:24
sensave_layout2.blend,2024-01-02 16:19:48
sensave_layout2.blend1,2024-01-02 15:44:48
sensave_layout2.blend2,2024-01-02 15:39:48
sensave_layoutngang2_5tim.blend1.blend,2024-02-01 16:28:18
sensave_layoutngang2_5trang.blend1.blend,2024-02-01 16:48:50
sensave_Layout_macha.blend,2024-01-22 16:15:24
sensave_layout_mobile.blend,2024-01-24 10:17:14
sensave_layout_mobile.blend1,2024-01-24 10:12:14
sensave_layout_mobile.blend2,2024-01-24 10:07:13
sensave_layout_mobile1.blend,2024-01-24 14:13:41
sensave_layout_mobile1.blend1,2024-01-24 13:38:11
sensave_layout_mobile1.blend2,2024-01-24 12:18:10
sensave_layout_mobile2.blend,2024-01-30 11:10:26
sensave_layout_mobile2.blend1,2024-01-30 10:53:22
sensave_layout_mobile2.blend2,2024-01-30 10:45:49
sensave_PHUCLOCTHO.blend,2024-01-17 22:20:12
sensave_PHUCLOCTHO.blend1,2024-01-17 22:15:12
sensave_qua_buoi1.blend,2024-01-06 13:36:45
sensave_qua_buoi1.blend1,2024-01-06 13:26:44
sensave_qua_buoi1.blend2,2024-01-06 13:21:44
sensave_sensu_kinsen__2K_f4a921c6-5c6e-4de0-83fd-6e123f9788b0.blend,2024-01-11 17:56:06
sensave_setup_001.blend,2024-02-01 22:25:24
sensave_setup_001.blend1,2024-02-01 22:20:23
sensave_setup_001.blend2,2024-02-01 22:15:23
sensave_setup_001_doc_nhetvolai.blend,2024-02-02 07:45:04
sensave_setup_001_doc_nhetvolai.blend1,2024-02-01 23:44:46
sensave_setup_001_doc_nhetvolai.blend2,2024-02-01 23:29:56
sensave_setup_002fix2.blend,2024-02-02 09:42:06
sensave_setup_002fix2.blend1,2024-02-02 09:37:04
sensave_setup_002fix2.blend2,2024-02-02 07:50:08
sensave_setup_002flamigo.blend,2024-02-01 09:53:40
sensave_sho 15_a.blend,2024-01-24 22:28:00
sensave_sho 15_a.blend1,2024-01-24 22:18:00
sensave_sho 15_a.blend2,2024-01-24 21:13:54
sensave_shot 6_Abyss.blend,2024-01-24 22:40:32
sensave_shot 6_Abyss.blend1,2024-01-24 20:06:34
sensave_Shot1.blend,2024-01-29 08:58:35
sensave_Shot1.blend1,2024-01-11 13:01:25
sensave_Shot1.blend2,2024-01-11 12:18:21
sensave_Shot1_bg.blend,2024-01-24 17:01:01
sensave_Shot1_bg.blend1,2024-01-24 16:51:05
sensave_Shot2.blend,2024-01-15 10:30:52
sensave_Shot2.blend1,2024-01-15 10:22:22
sensave_Shot2.blend2,2024-01-15 10:17:22
sensave_Shot2_bb.blend,2024-01-15 14:51:51
sensave_Shot2_bb.blend1,2024-01-15 14:46:51
sensave_Shot2_bb_truc.blend,2024-01-15 18:26:03
sensave_Shot2_bb_truc.blend1,2024-01-15 15:08:54
sensave_Shot2_bb_truc.blend2,2024-01-15 15:01:08
sensave_Shot2_bb_truc_son.blend,2024-01-25 10:00:40
sensave_Shot2_bb_truc_son.blend1,2024-01-25 09:40:16
sensave_Shot2_bb_truc_son.blend2,2024-01-25 08:57:53
sensave_Shot2_bb_truc_son_sp.blend,2024-01-23 08:39:55
sensave_Shot2_bb_truc_son_sp.blend1,2024-01-23 08:07:43
sensave_Shot2_bb_truc_son_sp.blend2,2024-01-23 08:02:40
sensave_Shot2_dudu.blend,2024-01-15 23:46:03
sensave_Shot2_full.blend,2024-01-06 15:47:29
sensave_Shot2_full.blend1,2024-01-06 15:42:28
sensave_Shot3.blend,2024-01-25 15:29:49
sensave_Shot3.blend1,2024-01-11 14:23:39
sensave_Shot3.blend2,2024-01-11 13:14:01
sensave_shot3_bg.blend,2024-01-27 11:53:15
sensave_shot3_bg.blend1,2024-01-27 11:33:13
sensave_shot3_bg.blend2,2024-01-27 11:28:11
sensave_Shot3_TP.blend,2024-01-07 20:37:44
sensave_shot4.blend,2024-01-27 13:03:16
sensave_shot4.blend1,2024-01-27 12:58:16
sensave_shot4.blend2,2024-01-27 12:48:15
sensave_shot4_bb.blend,2024-01-26 10:20:59
sensave_shot4_bb.blend1,2024-01-26 10:15:59
sensave_Shot4_front_fix.blend,2024-01-15 10:01:47
sensave_shot4_texdoiten.blend,2024-01-27 13:26:16
sensave_shot4_texdoiten.blend1,2024-01-27 13:19:02
sensave_Shot5_sp.blend,2024-01-26 14:48:15
sensave_Shot5_sp.blend1,2024-01-26 14:31:50
sensave_Shot5_sp.blend2,2024-01-26 14:26:50
sensave_shot6.blend,2024-01-23 10:22:31
sensave_Shot7_bg.blend,2024-01-27 10:38:10
sensave_Shot7_bg.blend1,2024-01-27 00:01:09
sensave_Shot7_bg.blend2,2024-01-26 20:51:08
sensave_Shot8_bg.blend,2024-01-27 17:49:30
sensave_Shot8_bg.blend1,2024-01-27 17:34:29
sensave_Shot8_bg.blend2,2024-01-27 17:02:55
sensave_Shot8_frontleaf.blend,2024-01-27 14:07:00
sensave_Shot8_frontleaf.blend1,2024-01-27 14:01:59
sensave_Shot8_sp.blend,2024-01-27 20:47:13
sensave_Shot8_text.blend,2024-01-27 18:54:30
sensave_shot9_bg.blend,2024-01-26 15:16:51
sensave_shot9_bg.blend1,2024-01-26 15:00:58
sensave_shot9_bg.blend2,2024-01-26 14:55:56
sensave_tet.blend,2024-01-03 13:18:59
sensave_tet.blend1,2024-01-03 12:10:17
sensave_thung.blend,2024-01-18 09:26:07
sensave_thung.blend1,2024-01-18 09:21:07
sensave_thung.blend2,2024-01-18 09:16:07
sensave_thung12.blend,2024-01-17 09:59:52
sensave_thung12_1.blend,2024-01-18 09:32:50
sensave_thung6.blend,2024-01-18 09:39:46
sensave_thung6.blend1,2024-01-17 14:28:31
sensave_thung6_1.blend,2024-01-18 09:48:08
sensu_kinsen__2K_f4a921c6-5c6e-4de0-83fd-6e123f9788b0_18988_autosave.blend,2024-01-11 17:57:09
setup_001_13180_autosave.blend,2024-02-01 22:22:28
setup_001_21460_autosave.blend,2024-02-01 19:16:47
setup_001_6488_autosave.blend,2024-02-02 00:51:51
setup_001_doc_13180_autosave.blend,2024-02-01 22:44:40
setup_001_doc_nhetvolai_13180_autosave.blend,2024-02-01 23:42:51
setup_001_doc_nhetvolai_13716_autosave.blend,2024-02-02 08:01:37
setup_002fix2_13716_autosave.blend,2024-02-02 07:52:44
setup_002fix2_19076_autosave.blend,2024-02-02 09:51:42
setup_002fix2_21064_autosave.blend,2024-02-01 14:57:37
setup_002fix2_21460_autosave.blend,2024-02-01 19:44:55
setup_002fix2_6488_autosave.blend,2024-02-02 01:47:53
setup_002fix2_farm_15648_autosave.blend,2024-02-01 15:27:57
setup_002fix2_farm_21064_autosave.blend,2024-02-01 15:17:45
setup_002flamigo_11920_autosave.blend,2024-02-01 10:41:34
sho 15_a_12856_autosave.blend,2024-01-24 21:17:41
sho 15_a_20960_autosave.blend,2024-01-24 22:26:39
sho 15_a_4824_autosave.blend,2024-01-24 20:02:09
shot 6_Abyss_20736_autosave.blend,2024-01-24 22:44:49
shot 6_Abyss_4824_autosave.blend,2024-01-24 20:10:38
Shot1_11696_autosave.blend,2024-01-08 08:08:31
shot1_19328_autosave.blend,2024-01-10 15:17:56
Shot1_20064_autosave.blend,2024-01-09 18:31:26
Shot1_20188_autosave.blend,2024-01-10 14:04:15
Shot1_20948_autosave.blend,2024-01-11 08:36:18
Shot1_25628_autosave.blend,2024-01-09 20:41:29
Shot1_28632_autosave.blend,2024-01-11 13:04:38
Shot1_7436_autosave.blend,2024-01-29 09:03:50
Shot1_8836_autosave.blend,2024-01-09 13:34:07
Shot1_bg_22244_autosave.blend,2024-01-24 17:45:22
shot1_sky_21232_autosave.blend,2024-01-11 09:07:34
Shot2_14156_autosave.blend,2024-01-06 17:02:44
Shot2_22008_autosave.blend,2024-01-26 15:49:32
Shot2_24800_autosave.blend,2024-01-09 18:56:49
Shot2_3544_autosave.blend,2024-01-09 19:47:08
Shot2_7352_autosave.blend,2024-01-15 10:35:53
Shot2_bb_21812_autosave.blend,2024-01-15 14:47:57
Shot2_bb_truc_21812_autosave.blend,2024-01-15 23:13:13
Shot2_bb_truc_son_10992_autosave.blend,2024-01-25 09:34:02
Shot2_bb_truc_son_12984_autosave.blend,2024-01-25 01:59:05
Shot2_bb_truc_son_13240_autosave.blend,2024-01-25 00:16:17
Shot2_bb_truc_son_17864_autosave.blend,2024-01-25 09:40:36
Shot2_bb_truc_son_18560_autosave.blend,2024-01-25 12:48:43
Shot2_bb_truc_son_19244_autosave.blend,2024-01-25 10:42:08
Shot2_bb_truc_son_20736_autosave.blend,2024-01-24 23:08:15
Shot2_bb_truc_son_2792_autosave.blend,2024-01-25 08:32:14
Shot2_bb_truc_son_3184_autosave.blend,2024-01-25 07:34:30
Shot2_bb_truc_son_3516_autosave.blend,2024-01-25 01:35:23
Shot2_bb_truc_son_7024_autosave.blend,2024-01-23 09:35:21
Shot2_bb_truc_son_8220_autosave.blend,2024-01-25 10:05:51
Shot2_bb_truc_son_sp_10120_autosave.blend,2024-01-23 09:00:01
Shot2_dudu_21456_autosave.blend,2024-01-16 07:24:05
Shot2_fixbb_7964_autosave.blend,2024-01-14 23:03:35
Shot2_full_12780_autosave.blend,2024-01-06 16:00:39
Shot3_10612_autosave.blend,2024-01-09 09:18:18
Shot3_17120_autosave.blend,2024-01-11 15:09:27
Shot3_18364_autosave.blend,2024-01-06 11:16:52
Shot3_19244_autosave.blend,2024-01-06 11:55:13
Shot3_21836_autosave.blend,2024-01-25 15:29:58
Shot3_2820_autosave.blend,2024-01-11 13:01:00
Shot3_3148_autosave.blend,2024-01-06 17:06:43
Shot3_9688_autosave.blend,2024-01-06 17:33:26
Shot3_BG_19844_autosave.blend,2024-01-07 20:25:14
shot3_bg_6100_autosave.blend,2024-01-27 11:52:03
Shot3_sp_23116_autosave.blend,2024-01-07 20:59:01
Shot3_TP_11940_autosave.blend,2024-01-08 00:15:23
Shot3_TP_9688_autosave.blend,2024-01-06 20:02:00
shot4_6100_autosave.blend,2024-01-27 13:10:45
shot4_7844_autosave.blend,2024-01-25 09:31:20
shot4_bb_5272_autosave.blend,2024-01-26 10:45:47
Shot4_front_fix_17872_autosave.blend,2024-01-15 10:00:01
shot4_texdoiten_6100_autosave.blend,2024-01-27 13:26:22
Shot5_sp_17888_autosave.blend,2024-01-26 14:49:12
Shot5_sp_22244_autosave.blend,2024-01-26 14:38:42
shot6_16732_autosave.blend,2024-01-23 10:23:13
shot6_sky_16732_autosave.blend,2024-01-23 10:28:14
shot6_sp_fla_19812_autosave.blend,2024-01-23 18:03:55
Shot7_bg_25504_autosave.blend,2024-01-27 05:58:55
Shot7_bg_6100_autosave.blend,2024-01-27 11:24:41
Shot8_bg_25560_autosave.blend,2024-01-27 17:06:00
Shot8_bg_7788_autosave.blend,2024-01-27 18:51:58
Shot8_frontleaf_26296_autosave.blend,2024-01-27 17:16:01
Shot8_sp_10508_autosave.blend,2024-01-27 20:48:00
Shot8_text_7788_autosave.blend,2024-01-27 20:00:42
shot9_bg_17888_autosave.blend,2024-01-26 15:10:33
shot9_bg_25920_autosave.blend,2024-01-26 15:22:27
tet_11332_autosave.blend,2024-01-03 13:22:07
tet_18376_autosave.blend,2024-01-03 13:00:35
thung12_16312_autosave.blend,2024-01-17 10:00:12
thung12_1_8360_autosave.blend,2024-01-18 09:33:39
thung6_1_8360_autosave.blend,2024-01-18 09:59:57
thung6_21232_autosave.blend,2024-01-17 14:28:31
thung6_8360_autosave.blend,2024-01-18 09:39:57
thung_21232_autosave.blend,2024-01-17 15:20:19
thung_8360_autosave.blend,2024-01-18 09:22:56
